PRAGMA foreign_keys = on;

INSERT INTO league VALUES (2023, 'BWIN');

INSERT INTO round_ VALUES (1, 2023);
INSERT INTO round_ VALUES (2, 2023);
INSERT INTO round_ VALUES (3, 2023);
INSERT INTO round_ VALUES (4, 2023);
INSERT INTO round_ VALUES (5, 2023);
INSERT INTO round_ VALUES (6, 2023);
INSERT INTO round_ VALUES (7, 2023);
INSERT INTO round_ VALUES (8, 2023);
INSERT INTO round_ VALUES (9, 2023);
INSERT INTO round_ VALUES (10, 2023);
INSERT INTO round_ VALUES (11, 2023);
INSERT INTO round_ VALUES (12, 2023);
INSERT INTO round_ VALUES (13, 2023);
INSERT INTO round_ VALUES (14, 2023);
INSERT INTO round_ VALUES (15, 2023);
INSERT INTO round_ VALUES (16, 2023);
INSERT INTO round_ VALUES (17, 2023);
INSERT INTO round_ VALUES (18, 2023);
INSERT INTO round_ VALUES (19, 2023);
INSERT INTO round_ VALUES (20, 2023);
INSERT INTO round_ VALUES (21, 2023);
INSERT INTO round_ VALUES (22, 2023);
INSERT INTO round_ VALUES (23, 2023);
INSERT INTO round_ VALUES (24, 2023);
INSERT INTO round_ VALUES (25, 2023);
INSERT INTO round_ VALUES (26, 2023);
INSERT INTO round_ VALUES (27, 2023);
INSERT INTO round_ VALUES (28, 2023);
INSERT INTO round_ VALUES (29, 2023);
INSERT INTO round_ VALUES (30, 2023);
INSERT INTO round_ VALUES (31, 2023);
INSERT INTO round_ VALUES (32, 2023);
INSERT INTO round_ VALUES (33, 2023);
INSERT INTO round_ VALUES (34, 2023);


--Stadiums
INSERT INTO team VALUES ('Porto', 'Estádio do Dragão');
INSERT INTO team VALUES ('Sporting', 'Estádio José Alvalade');
INSERT INTO team VALUES ('Benfica', 'Estádio da Luz');
INSERT INTO team VALUES ('Braga', 'Estádio Municipal de Braga');
INSERT INTO team VALUES ('Boavista', 'Estádio do Bessa');
INSERT INTO team VALUES ('Vitória', 'Estádio de D. Afonso Henriques');
INSERT INTO team VALUES ('Paços de Ferreira', 'Estádio Capital do Móvel');
INSERT INTO team VALUES ('Arouca', 'Estádio Municipal de Arouca');
INSERT INTO team VALUES ('Vizela', 'Estádio do FC Vizela');
INSERT INTO team VALUES ('Famalicão', 'Estádio Municipal de Famalicão');
INSERT INTO team VALUES ('Santa Clara', 'Estádio de São Miguel');
INSERT INTO team VALUES ('Chaves', 'Estádio Municipal Eng.º Manuel Branco Teixeira');
INSERT INTO team VALUES ('Estoril Praia', 'Estádio António Coimbra da Mota');
INSERT INTO team VALUES ('Gil Vicente', 'Estádio Cidade de Barcelos');
INSERT INTO team VALUES ('Marítimo', 'Estádio dos Barreiros');
INSERT INTO team VALUES ('Casa Pia', 'Estádio Pina Manique');
INSERT INTO team VALUES ('Rio Ave', 'Estádio dos Arcos');
INSERT INTO team VALUES ('Portimonense', 'Estádio Municipal de Portimão');

--Players and coaches: Porto
INSERT INTO person VALUES (1, 'Diogo Costa', 23);
INSERT INTO player VALUES (1, 99, 'Porto');
INSERT INTO person VALUES (2, 'Fábio Cardoso', 28);
INSERT INTO player VALUES (2, 2, 'Porto');
INSERT INTO person VALUES (3, 'David Carmo', 23);
INSERT INTO player VALUES (3, 4 , 'Porto');
INSERT INTO person VALUES (4, 'Zaidu Sanusi', 25);
INSERT INTO player VALUES (4, 12, 'Porto');
INSERT INTO person VALUES (5, 'Otávio', 27);
INSERT INTO player VALUES (5, 25, 'Porto');
INSERT INTO person VALUES (6, 'Mateus Uribe', 31);
INSERT INTO player VALUES (6, 8, 'Porto');
INSERT INTO person VALUES (7, 'Stephen Eustáquio', 25);
INSERT INTO player VALUES (7, 46, 'Porto');
INSERT INTO person VALUES (8, 'Mehdi Taremi', 30);
INSERT INTO player VALUES (8, 9, 'Porto');
INSERT INTO person VALUES (9, 'Evanilson', 23);
INSERT INTO player VALUES (9, 30, 'Porto');
INSERT INTO person VALUES (10, 'Pepê', 25);
INSERT INTO player VALUES (10, 11, 'Porto');
INSERT INTO person VALUES (11, 'Wenderson Galeno', 25);
INSERT INTO player VALUES (11, 13, 'Porto');
INSERT INTO person VALUES (12, 'Cláudio Ramos', 31);
INSERT INTO player VALUES (12, 14, 'Porto');
INSERT INTO person VALUES (13, 'Pepe', 39);
INSERT INTO player VALUES (13, 3, 'Porto');
INSERT INTO person VALUES (14, 'Rodrigo Conceição', 22);
INSERT INTO player VALUES (14, 17, 'Porto');
INSERT INTO person VALUES (15, 'Marko Grujić', 26);
INSERT INTO player VALUES (15, 16, 'Porto');
INSERT INTO person VALUES (16, 'Danny Namaso', 22);
INSERT INTO player VALUES (16, 19, 'Porto');
INSERT INTO person VALUES (17, 'Tony Martinez', 25);
INSERT INTO player VALUES (17, 29, 'Porto');
INSERT INTO person VALUES (18, 'Bruno Costa', 25);
INSERT INTO player VALUES (18, 28, 'Porto');
INSERT INTO person VALUES (19, 'Sérgio Conceição', 48);
INSERT INTO coach VALUES  (19, 'Porto')

--Benfica
INSERT INTO person VALUES (20, 'Helton Leite', 32);
INSERT INTO player VALUES (20, 72, 'Benfica');
INSERT INTO person VALUES (21, 'Odysseas Vlachodimos', 28);
INSERT INTO player VALUES (21, 99, 'Benfica');
INSERT INTO person VALUES (22, 'Alexander Bah', 24);
INSERT INTO player VALUES (22, 6, 'Benfica');
INSERT INTO person VALUES (23, 'Nicolás Otamendi', 34);
INSERT INTO player VALUES (23, 30, 'Benfica'); 
INSERT INTO person VALUES (24, 'António Silva', 19);
INSERT INTO player VALUES (24, 16, 'Benfica');
INSERT INTO person VALUES (25, 'Álex Grimaldo', 27);
INSERT INTO player VALUES (25, 3, 'Benfica');
INSERT INTO person VALUES (26, 'Florentino Luís', 23);
INSERT INTO player VALUES (26, 61, 'Benfica');
INSERT INTO person VALUES (27, 'João Mário', 29);
INSERT INTO player VALUES (27, 20, 'Benfica');
INSERT INTO person VALUES (28, 'Enzo Fernandez', 21);
INSERT INTO player VALUES (28, 13, 'Benfica');
INSERT INTO person VALUES (29, 'David Neres', 27);
INSERT INTO player VALUES (29, 7, 'Benfica');
INSERT INTO person VALUES (30, 'Gonçalo Ramos', 21);
INSERT INTO player VALUES (30, 88, 'Benfica');
INSERT INTO person VALUES (31, 'Rafa Silva', 29);
INSERT INTO player VALUES (31, 27, 'Benfica');
INSERT INTO person VALUES (32, 'Gilberto', 29);
INSERT INTO player VALUES (32, 2, 'Benfica');
INSERT INTO person VALUES (33, 'Frederik Aursnes', 26);
INSERT INTO player VALUES (33, 8, 'Benfica');
INSERT INTO person VALUES (34, 'Julian Draxler', 29);
INSERT INTO player VALUES (34, 93, 'Benfica');
INSERT INTO person VALUES (35, 'Petar Musa', 24);
INSERT INTO player VALUES (35, 33, 'Benfica');
INSERT INTO person VALUES (36, 'Diogo Gonçalves', 25);
INSERT INTO player VALUES (36, 17, 'Benfica');
INSERT INTO person VALUES (37, 'Mihailo Ristić', 27);
INSERT INTO player VALUES (37, 23, 'Benfica');
INSERT INTO person VALUES (38, 'Roger Schmidt', 55);
INSERT INTO coach VALUES  (38, 'Benfica');

--Braga
INSERT INTO person VALUES (39, 'Matheus Magalhães', 30);
INSERT INTO player VALUES (39, 1, 'Braga');
INSERT INTO person VALUES (40, 'Fabiano Souza', 22);
INSERT INTO player VALUES (40, 70, 'Braga');
INSERT INTO person VALUES (41, 'Vitor Tormena', 26);
INSERT INTO player VALUES (41, 3, 'Braga');
INSERT INTO person VALUES (42, 'Nuno Sequeira', 32);
INSERT INTO player VALUES (42, 6, 'Braga');
INSERT INTO person VALUES (43, 'André Horta', 26);
INSERT INTO player VALUES (43, 10, 'Braga');
INSERT INTO person VALUES (44, 'Al Musrati', 26);
INSERT INTO player VALUES (44, 8, 'Braga');
INSERT INTO person VALUES (45, 'Iuri Medeiros', 28);
INSERT INTO player VALUES (45, 45, 'Braga');
INSERT INTO person VALUES (46, 'Simon Banza', 26);
INSERT INTO player VALUES (46, 23, 'Braga');
INSERT INTO person VALUES (47, 'Roger Fernandes', 16);
INSERT INTO player VALUES (47, 11, 'Braga');
INSERT INTO person VALUES (48, 'Ricardo Horta', 28);
INSERT INTO player VALUES (48, 21, 'Braga');
INSERT INTO person VALUES (49, 'Vitinha', 22);
INSERT INTO player VALUES (49, 99, 'Braga');
INSERT INTO person VALUES (50, 'Tiago Sá', 27);
INSERT INTO player VALUES (50, 12, 'Braga');
INSERT INTO person VALUES (51, 'Rodrigo Gomes', 19);
INSERT INTO player VALUES (51, 7, 'Braga');
INSERT INTO person VALUES (52, 'Álvaro Djaló', 23);
INSERT INTO player VALUES (52, 14, 'Braga');
INSERT INTO person VALUES (53, 'Uros Racic', 24);
INSERT INTO player VALUES (53, 19, 'Braga');
INSERT INTO person VALUES (54, 'Dinis Rodrigues', 17);
INSERT INTO player VALUES (54, 20, 'Braga');
INSERT INTO person VALUES (55, 'Sikou Niakaté', 23);
INSERT INTO player VALUES (55, 4, 'Braga');
INSERT INTO person VALUES (56, 'Gorby Baptiste', 20);
INSERT INTO player VALUES (56, 29, 'Braga');
INSERT INTO person VALUES (57, 'Artur Jorge', 50);
INSERT INTO coach VALUES  (57, 'Braga');

--Sporting
INSERT INTO person VALUES (58, 'Antonio Adán', 35);
INSERT INTO player VALUES (58, 1, 'Sporting');
INSERT INTO person VALUES (59, 'André Paulo', 25);
INSERT INTO player VALUES (59, 22, 'Sporting');
INSERT INTO person VALUES (60, 'Pedro Porro', 23);
INSERT INTO player VALUES (60, 24, 'Sporting');
INSERT INTO person VALUES (61, 'Sebstián Coates', 32);
INSERT INTO player VALUES (61, 4, 'Sporting');
INSERT INTO person VALUES (62, 'Gonçalo Inácio', 21);
INSERT INTO player VALUES (62, 25, 'Sporting');
INSERT INTO person VALUES (63, 'Matheus Reis', 27);
INSERT INTO player VALUES (63, 2, 'Sporting');
INSERT INTO person VALUES (64, 'Manuel Ugarte', 21);
INSERT INTO player VALUES (64, 15, 'Sporting');
INSERT INTO person VALUES (65, 'Hidemasa Morita', 27);
INSERT INTO player VALUES (65, 5, 'Sporting');
INSERT INTO person VALUES (66, 'Francisco Trincão', 22);
INSERT INTO player VALUES (66, 17, 'Sporting');
INSERT INTO person VALUES (67, 'Pedro Gonçalves', 24);
INSERT INTO player VALUES (67, 28, 'Sporting');
INSERT INTO person VALUES (68, 'Marcus Edwards', 23);
INSERT INTO player VALUES (68, 10, 'Sporting');
INSERT INTO person VALUES (69, 'Nuno Santos', 27);
INSERT INTO player VALUES (69, 11, 'Sporting');
INSERT INTO person VALUES (70, 'Paulinho', 30);
INSERT INTO player VALUES (70, 20, 'Sporting');
INSERT INTO person VALUES (71, 'Dário Essugo', 17);
INSERT INTO player VALUES (71, 84, 'Sporting');
INSERT INTO person VALUES (72, 'Renato Veiga', 19);
INSERT INTO player VALUES (72, 95, 'Sporting');
INSERT INTO person VALUES (73, 'Sotiris Alexandropuolos', 20);
INSERT INTO player VALUES (73, 6, 'Sporting');
INSERT INTO person VALUES (74, 'José Marsà', 20);
INSERT INTO player VALUES (74, 63, 'Sporting');
INSERT INTO person VALUES (75, 'Diogo Travassos', 18);
INSERT INTO player VALUES (75, 97, 'Sporting');
INSERT INTO person VALUES (76, 'Rúben Amorim', 37);
INSERT INTO coach VALUES  (76, 'Sporting');

--Casa Pia
INSERT INTO person VALUES (77, 'Ricardo Batista', 35);
INSERT INTO player VALUES (77, 33, 'Casa Pia');
INSERT INTO person VALUES (78, 'Vasco Fernandes', 36);
INSERT INTO player VALUES (78, 13, 'Casa Pia');
INSERT INTO person VALUES (79, 'João Nunes', 26);
INSERT INTO player VALUES (79, 3, 'Casa Pia');
INSERT INTO person VALUES (80, 'Nermin Zolotic', 29);
INSERT INTO player VALUES (80, 19, 'Casa Pia');
INSERT INTO person VALUES (81, 'Leonardo Lelo', 22);
INSERT INTO player VALUES (81, 5, 'Casa Pia');
INSERT INTO person VALUES (82, 'Lucas Soares', 24);
INSERT INTO player VALUES (82, 42, 'Casa Pia');
INSERT INTO person VALUES (83, 'Afonso Taira', 30);
INSERT INTO player VALUES (83, 27, 'Casa Pia');
INSERT INTO person VALUES (84, 'Ângelo Neto', 31);
INSERT INTO player VALUES (84, 8, 'Casa Pia');
INSERT INTO person VALUES (85, 'Takahiro Kunimoto', 25);
INSERT INTO player VALUES (85, 14, 'Casa Pia');
INSERT INTO person VALUES (86, 'Rafael Martins', 33);
INSERT INTO player VALUES (86, 11, 'Casa Pia');
INSERT INTO person VALUES (87, 'Saviour Godwin', 26);
INSERT INTO player VALUES (87, 7, 'Casa Pia');
INSERT INTO person VALUES (88, 'Diogo Pinto', 10);
INSERT INTO player VALUES (88, 23, 'Casa Pia');
INSERT INTO person VALUES (89, 'Clayton Silva', 23);
INSERT INTO player VALUES (89, 99, 'Casa Pia');
INSERT INTO person VALUES (90, 'Yan Etki', 25);
INSERT INTO player VALUES (90, 88, 'Casa Pia');
INSERT INTO person VALUES (91, 'Vitó', 25);
INSERT INTO player VALUES (91, 18, 'Casa Pia');
INSERT INTO person VALUES (92, 'Cuca', 31);
INSERT INTO player VALUES (92, 16, 'Casa Pia');
INSERT INTO person VALUES (93, 'João Bravim', 24);
INSERT INTO player VALUES (93, 1, 'Casa Pia');
INSERT INTO person VALUES (94, 'Rogério Fernandes', 20);
INSERT INTO player VALUES (94, 21, 'Casa Pia');
INSERT INTO person VALUES (95, 'Filipe Martins', 44);
INSERT INTO coach VALUES  (95, 'Casa Pia');

--Vitória
INSERT INTO person VALUES (96, 'Bruno Varela', 26);
INSERT INTO player VALUES (96, 14, 'Vitória');
INSERT INTO person VALUES (97, 'Mikel Villanueva', 29);
INSERT INTO player VALUES (97, 3, 'Vitória');
INSERT INTO person VALUES (98, 'André Amaro', 20);
INSERT INTO player VALUES (98, 13, 'Vitória');
INSERT INTO person VALUES (99, 'Ibrahima Bamba', 20);
INSERT INTO player VALUES (99, 22, 'Vitória');
INSERT INTO person VALUES (100, 'Tiago Silva', 29);
INSERT INTO player VALUES (100, 10, 'Vitória');
INSERT INTO person VALUES (101, 'André André', 33);
INSERT INTO player VALUES (101, 21, 'Vitória');
INSERT INTO person VALUES (102, 'Zé Carlos', 21);
INSERT INTO player VALUES (102, 28, 'Vitória');
INSERT INTO person VALUES (103, 'Rúben Lameiras', 27);
INSERT INTO player VALUES (103, 7, 'Vitória');
INSERT INTO person VALUES (104, 'Anderson Oliveira', 24);
INSERT INTO player VALUES (104, 33, 'Vitória');
INSERT INTO person VALUES (105, 'Nélson da Luz', 24);
INSERT INTO player VALUES (105, 20, 'Vitória');
INSERT INTO person VALUES (106, 'Jota Silva', 23);
INSERT INTO player VALUES (106, 11, 'Vitória');
INSERT INTO person VALUES (107, 'Alisson Safira', 27);
INSERT INTO player VALUES (107, 9, 'Vitória');
INSERT INTO person VALUES (108, 'Jason Bahamboula', 21);
INSERT INTO player VALUES (108, 47, 'Vitória');
INSERT INTO person VALUES (109, 'Antoñin Cortés', 22);
INSERT INTO player VALUES (109, 15, 'Vitória');
INSERT INTO person VALUES (110, 'Tomás Händel', 21);
INSERT INTO player VALUES (110, 8, 'Vitória');
INSERT INTO person VALUES (111, 'Dani Silva', 22);
INSERT INTO player VALUES (111, 80, 'Vitória');
INSERT INTO person VALUES (112, 'Nicolas Janvier', 24);
INSERT INTO player VALUES (112, 98, 'Vitória');
INSERT INTO person VALUES (113, 'Matheus Índio', 23);
INSERT INTO player VALUES (113, 23, 'Vitória');
INSERT INTO person VALUES (114, 'Moreno', 41);
INSERT INTO coach VALUES  (114, 'Vitória');

--Portimonense
INSERT INTO person VALUES (115, 'Kosuke Nakamura', 27);
INSERT INTO player VALUES (115, 32, 'Portimonense');
INSERT INTO person VALUES (115, 'Fahd Moufi', 27);
INSERT INTO player VALUES (115, 32, 'Portimonense');


--Round 1 Games
INSERT INTO game VALUES (1, '05/08/2022', 348, 'Estádio da Luz', 'Benfica', 'Arouca', 1);
INSERT INTO game VALUES (2, '06/08/2022', 354, 'Estádio dos Arcos', 'Rio Ave', 'Vizela', 1);
INSERT INTO game VALUES (3, '06/08/2022', 344, 'Estádio António Coimbra da Mota', 'Estoril Praia', 'Famalicão', 1);
INSERT INTO game VALUES (4, '06/08/2022', 352, 'Estádio do Dragão', 'Porto', 'Marítimo', 1);
INSERT INTO game VALUES (5, '07/08/2022', 366, 'Estádio de São Miguel', 'Santa Clara', 'Casa Pia', 1);
INSERT INTO game VALUES (6, '07/08/2022', 346, 'Estádio Municipal de Braga', 'Braga', 'Sporting', 1);
INSERT INTO game VALUES (7, '07/08/2022', 345, 'Estádio Municipal Eng.º Manuel Branco Teixeira', 'Chaves', 'Vitória', 1);
INSERT INTO game VALUES (8, '07/08/2022', 351, 'Estádio Municipal de Portimão', 'Portimonense', 'Boavista', 1);
INSERT INTO game VALUES (9, '08/08/2022', 349, 'Estádio Cidade de Barcelos', 'Gil Vicente', 'Paços de Ferreira', 1);

--Round 1 Events
INSERT INTO event VALUES (1, 0, 0);
INSERT INTO event VALUES (2, 0, 0);
INSERT INTO event VALUES (3, 0, 0);
INSERT INTO event VALUES (4, 0, 0);
INSERT INTO event VALUES (5, 0, 0);
INSERT INTO event VALUES (6, 0, 0);
INSERT INTO event VALUES (7, 0, 0);
INSERT INTO event VALUES (8, 0, 0);
INSERT INTO event VALUES (9, 0, 0);
INSERT INTO event VALUES (10, 0, 0);
INSERT INTO event VALUES (11, 0, 0);
INSERT INTO event VALUES (12, 0, 0);
INSERT INTO event VALUES (13, 0, 0);
INSERT INTO event VALUES (14, 0, 0);
INSERT INTO event VALUES (15, 0, 0);
INSERT INTO event VALUES (16, 0, 0);
INSERT INTO event VALUES (17, 0, 0);
INSERT INTO event VALUES (18, 0, 0);
INSERT INTO event VALUES (19, 0, 0);
INSERT INTO event VALUES (20, 0, 0);
INSERT INTO event VALUES (21, 0, 0);
INSERT INTO event VALUES (22, 0, 0);
INSERT INTO event VALUES (23, 0, 0);
INSERT INTO event VALUES (24, 0, 0);
INSERT INTO event VALUES (25, 0, 0);
INSERT INTO event VALUES (26, 0, 0);
INSERT INTO event VALUES (27, 0, 0);
INSERT INTO event VALUES (28, 0, 0);
INSERT INTO event VALUES (29, 0, 0);
INSERT INTO event VALUES (30, 0, 0);
INSERT INTO event VALUES (31, 0, 0);
INSERT INTO event VALUES (32, 0, 0);
INSERT INTO event VALUES (33, 0, 0);
INSERT INTO event VALUES (34, 0, 0);
INSERT INTO event VALUES (35, 0, 0);
INSERT INTO event VALUES (36, 0, 0);
INSERT INTO event VALUES (37, 0, 0);
INSERT INTO event VALUES (38, 0, 0);
INSERT INTO event VALUES (39, 0, 0);
INSERT INTO event VALUES (40, 0, 0);
INSERT INTO event VALUES (41, 0, 0);
INSERT INTO event VALUES (42, 0, 0);
INSERT INTO event VALUES (43, 0, 0);
INSERT INTO event VALUES (44, 0, 0);
INSERT INTO event VALUES (45, 0, 0);
INSERT INTO event VALUES (46, 0, 0);
INSERT INTO event VALUES (47, 0, 0);
INSERT INTO event VALUES (48, 0, 0);
INSERT INTO event VALUES (49, 0, 0);
INSERT INTO event VALUES (50, 0, 0);
INSERT INTO event VALUES (51, 0, 0);
INSERT INTO event VALUES (52, 0, 0);
INSERT INTO event VALUES (53, 0, 0);
INSERT INTO event VALUES (54, 0, 0);
INSERT INTO event VALUES (55, 0, 0);
INSERT INTO event VALUES (56, 0, 0);
INSERT INTO event VALUES (57, 0, 0);
INSERT INTO event VALUES (58, 0, 0);
INSERT INTO event VALUES (59, 0, 0);
INSERT INTO event VALUES (60, 0, 0);
INSERT INTO event VALUES (61, 0, 0);
INSERT INTO event VALUES (62, 0, 0);
INSERT INTO event VALUES (63, 0, 0);
INSERT INTO event VALUES (64, 0, 0);
INSERT INTO event VALUES (65, 0, 0);
INSERT INTO event VALUES (66, 0, 0);
INSERT INTO event VALUES (67, 0, 0);
INSERT INTO event VALUES (68, 0, 0);
INSERT INTO event VALUES (69, 0, 0);
INSERT INTO event VALUES (70, 0, 0);
INSERT INTO event VALUES (71, 0, 0);
INSERT INTO event VALUES (72, 0, 0);
INSERT INTO event VALUES (73, 0, 0);
INSERT INTO event VALUES (74, 0, 0);
INSERT INTO event VALUES (75, 0, 0);
INSERT INTO event VALUES (76, 0, 0);
INSERT INTO event VALUES (77, 0, 0);
INSERT INTO event VALUES (78, 0, 0);
INSERT INTO event VALUES (79, 0, 0);
INSERT INTO event VALUES (80, 0, 0);
INSERT INTO event VALUES (81, 0, 0);
INSERT INTO event VALUES (82, 0, 0);
INSERT INTO event VALUES (83, 0, 0);
INSERT INTO event VALUES (84, 0, 0);
INSERT INTO event VALUES (85, 0, 0);
INSERT INTO event VALUES (86, 0, 0);
INSERT INTO event VALUES (87, 0, 0);
INSERT INTO event VALUES (88, 0, 0);
INSERT INTO event VALUES (89, 0, 0);
INSERT INTO event VALUES (90, 0, 0);
INSERT INTO event VALUES (91, 0, 0);
INSERT INTO event VALUES (92, 0, 0);
INSERT INTO event VALUES (93, 0, 0);
INSERT INTO event VALUES (94, 0, 0);
INSERT INTO event VALUES (95, 0, 0);
INSERT INTO event VALUES (96, 0, 0);
INSERT INTO event VALUES (97, 0, 0);
INSERT INTO event VALUES (98, 0, 0);
INSERT INTO event VALUES (99, 0, 0);






--Round 2
INSERT INTO game VALUES (10, '12/08/2022', 350, 'Estádio Municipal de Famalicão', 'Famalicão', 'Braga', 2);
INSERT INTO game VALUES (11, '13/08/2022', 353, 'Estádio Pina Manique', 'Casa Pia', 'Benfica', 2);
INSERT INTO game VALUES (12, '13/08/2022', 348, 'Estádio José Alvalade', 'Sporting', 'Rio Ave', 2);
INSERT INTO game VALUES (13, '14/08/2022', 352, 'Estádio do Bessa', 'Boavista', 'Santa Clara', 2);
INSERT INTO game VALUES (14, '14/08/2022', 346, 'Estádio do FC Vizela', 'Vizela', 'Porto', 2);
INSERT INTO game VALUES (15, '14/08/2022', 351, 'Estádio de D. Afonso Henriques', 'Vitória', 'Estoril Praia', 2);
INSERT INTO game VALUES (16, '14/08/2022', 360, 'Estádio dos Barreiros', 'Marítimo', 'Chaves', 2);
INSERT INTO game VALUES (17, '15/08/2022', 344, 'Estádio Municipal de Arouca', 'Arouca', 'Gil Vicente', 2);
INSERT INTO game VALUES (18, '15/08/2022', 343, 'Estádio Capital do Móvel', 'Paços de Ferreira', 'Portimonense', 2);

--Round 3
INSERT INTO game VALUES (19, '19/08/2022', 362, 'Estádio António Coimbra da Mota ', 'Estoril', 'Rio Ave', 3);
INSERT INTO game VALUES (20, '20/08/2022', 359, 'Estádio de São Miguel', 'Santa Clara', 'Arouca', 3);
INSERT INTO game VALUES (21, '20/08/2022', 355, 'Estádio Municipal Eng.º Manuel Branco Teixeira', 'Chaves', 'Vizela', 3);
INSERT INTO game VALUES (22, '20/08/2022', 344, 'Estádio do Dragão', 'Porto', 'Sporting', 3);
INSERT INTO game VALUES (23, '21/08/2022', 364, 'Estádio Pina Manique', 'Casa Pia', 'Boavista', 3);
INSERT INTO game VALUES (24, '21/08/2022', 356, 'Estádio Municipal de Braga', 'Braga', 'Marítimo', 3);
INSERT INTO game VALUES (25, '21/08/2022', 360, 'Estádio Municipal de Portimão', 'Portimonense', 'Vitória', 3);
INSERT INTO game VALUES (26, '22/08/2022', 351, 'Estádio Cidade de Barcelos', 'Gil Vicente', 'Famalicão', 3);
INSERT INTO game VALUES (27, '30/08/2022', 347, 'Estádio da Luz', 'Benfica', 'Paços de Ferreira', 3);



--Referees
INSERT INTO person VALUES (343, 'João Pinheiro', 34);
INSERT INTO person VALUES (344, 'Nuno Almeida', 47);
INSERT INTO person VALUES (345, 'Manuel Oliveira', 45);
INSERT INTO person VALUES (346, 'Fábio Veríssimo', 39);
iNSERT INTO person VALUES (347, 'Artur Soares Dias', 43);
INSERT INTO person VALUES (348, 'Manuel Mota', 45);
INSERT INTO person VALUES (349, 'André Narciso', 39);
INSERT INTO person VALUES (350, 'Luís Godinho', 37);
INSERT INTO person VALUES (351, 'Cláudio Pereira', 35);
INSERT INTO person VALUES (352, 'Hélder Malheiro', 42);
INSERT INTO person VALUES (353, 'Tiago Martins', 42);
INSERT INTO person VALUES (354, 'Gustavo Correia', 30);
INSERT INTO person VALUES (355, 'Rui Costa', 46);
Insert INTO person VALUES (356, 'António Nobre', 33);
INSERT INTO person VALUES (357, 'Miguel Nogueira', 28),;
INSERT INTO person VALUES (358, 'Carlos Macedo', 36);
INSERT INTO person VALUES (359, 'Hélder Carvalho', 29);
INSERT INTO person VALUES (360, 'Ricardo Baixinho', 35);
INSERT INTO person VALUES (361, 'João Gonçalves', 31);
INSERT INTO person VALUES (362, 'Vítor Ferreira', 34);
INSERT INTO person VALUES (363, 'Bruno Costa', 29);
INSERT INTO person VALUES (364, 'Pierre Gaillouste', 33);
INSERT INTO person VALUES (365, 'Bastien Dechepy', 36);
INSERT INTO person VALUES (366, 'Bruno José Costa', 31);

INSERT INTO referee VALUES (343);
INSERT INTO referee VALUES (344);
INSERT INTO referee VALUES (345);
INSERT INTO referee VALUES (346);
INSERT INTO referee VALUES (347);
INSERT INTO referee VALUES (348);
INSERT INTO referee VALUES (349);
INSERT INTO referee VALUES (350);
INSERT INTO referee VALUES (351);
INSERT INTO referee VALUES (352);
INSERT INTO referee VALUES (353);
INSERT INTO referee VALUES (354);
INSERT INTO referee VALUES (355);
INSERT INTO referee VALUES (356);
INSERT INTO referee VALUES (357);
INSERT INTO referee VALUES (358);
INSERT INTO referee VALUES (359);
INSERT INTO referee VALUES (360);
INSERT INTO referee VALUES (361);
INSERT INTO referee VALUES (362);
INSERT INTO referee VALUES (363);
INSERT INTO referee VALUES (364);
INSERT INTO referee VALUES (365);
INSERT INTO referee VALUES (366);