PRAGMA foreign_keys = on;

INSERT INTO league VALUES (2023, 'BWIN');

INSERT INTO round_ VALUES (1, 2023);
INSERT INTO round_ VALUES (2, 2023);
INSERT INTO round_ VALUES (3, 2023);
INSERT INTO round_ VALUES (4, 2023);
INSERT INTO round_ VALUES (5, 2023);
INSERT INTO round_ VALUES (6, 2023);
INSERT INTO round_ VALUES (7, 2023);
INSERT INTO round_ VALUES (8, 2023);
INSERT INTO round_ VALUES (9, 2023);
INSERT INTO round_ VALUES (10, 2023);
INSERT INTO round_ VALUES (11, 2023);
INSERT INTO round_ VALUES (12, 2023);
INSERT INTO round_ VALUES (13, 2023);
INSERT INTO round_ VALUES (14, 2023);
INSERT INTO round_ VALUES (15, 2023);
INSERT INTO round_ VALUES (16, 2023);
INSERT INTO round_ VALUES (17, 2023);
INSERT INTO round_ VALUES (18, 2023);
INSERT INTO round_ VALUES (19, 2023);
INSERT INTO round_ VALUES (20, 2023);
INSERT INTO round_ VALUES (21, 2023);
INSERT INTO round_ VALUES (22, 2023);
INSERT INTO round_ VALUES (23, 2023);
INSERT INTO round_ VALUES (24, 2023);
INSERT INTO round_ VALUES (25, 2023);
INSERT INTO round_ VALUES (26, 2023);
INSERT INTO round_ VALUES (27, 2023);
INSERT INTO round_ VALUES (28, 2023);
INSERT INTO round_ VALUES (29, 2023);
INSERT INTO round_ VALUES (30, 2023);
INSERT INTO round_ VALUES (31, 2023);
INSERT INTO round_ VALUES (32, 2023);
INSERT INTO round_ VALUES (33, 2023);
INSERT INTO round_ VALUES (34, 2023);


INSERT INTO team VALUES ('Porto', 'Estádio do Dragão');
INSERT INTO team VALUES ('Sporting', 'Estádio José Alvalade');
INSERT INTO team VALUES ('Benfica', 'Estádio da Luz');
INSERT INTO team VALUES ('Braga', 'Estádio Municipal de Braga');
INSERT INTO team VALUES ('Boavista', 'Estádio do Bessa');
INSERT INTO team VALUES ('Vitória', 'Estádio do Bonfim');
INSERT INTO team VALUES ('Paços de Ferreira', 'Estádio Municipal de Paços de Ferreira');
INSERT INTO team VALUES ('Arouca', 'Estádio Municipal de Arouca');
INSERT INTO team VALUES ('Vizela', 'Estádio Municipal de Vizela');
INSERT INTO team VALUES ('Famalicão', 'Estádio Municipal de Famalicão');
INSERT INTO team VALUES ('Santa Clara', 'Estádio de São Miguel');
INSERT INTO team VALUES ('Chaves', 'Estádio Municipal de Chaves');
INSERT INTO team VALUES ('Estoril Praia', 'Estádio António Coimbra da Mota');
INSERT INTO team VALUES ('Gil Vicente', 'Estádio Cidade de Barcelos');
INSERT INTO team VALUES ('Marítimo', 'Estádio dos Barreiros');
INSERT INTO team VALUES ('Casa Pia', 'Estádio Municipal de Alvalade');
INSERT INTO team VALUES ('Rio Ave', 'Estádio do Rio Ave');
INSERT INTO team VALUES ('Portimonense', 'Estádio Municipal de Portimão');


INSERT INTO person VALUES (1, 'Diogo Costa', 23);
INSERT INTO player VALUES (1, 99, 'Porto');
INSERT INTO person VALUES (2, 'Fábio Cardoso', 28);
INSERT INTO player VALUES (2, 2, 'Porto');
INSERT INTO person VALUES (3, 'David Carmo', 23);
INSERT INTO player VALUES (3, 4 , 'Porto');
INSERT INTO person VALUES (4, 'Zaidu Sanusi', 25);
INSERT INTO player VALUES (4, 12, 'Porto');
INSERT INTO person VALUES (5, 'Otávio', 27);
INSERT INTO player VALUES (5, 25, 'Porto');
INSERT INTO person VALUES (6, 'Mateus Uribe', 31);
INSERT INTO player VALUES (6, 8, 'Porto');
INSERT INTO person VALUES (7, 'Stephen Eustáquio', 25);
INSERT INTO player VALUES (7, 46, 'Porto');
INSERT INTO person VALUES (8, 'Mehdi Taremi', 30);
INSERT INTO player VALUES (8, 9, 'Porto');
INSERT INTO person VALUES (9, 'Evanilson', 23);
INSERT INTO player VALUES (9, 30, 'Porto');
INSERT INTO person VALUES (10, 'Pepê', 25);
INSERT INTO player VALUES (10, 11, 'Porto');
INSERT INTO person VALUES (11, 'Wenderson Galeno', 25);
INSERT INTO player VALUES (11, 13, 'Porto');
INSERT INTO person VALUES (12, 'Cláudio Ramos', 31);
INSERT INTO player VALUES (12, 14, 'Porto');
INSERT INTO person VALUES (13, 'Pepe', 39);
INSERT INTO player VALUES (13, 3, 'Porto');
INSERT INTO person VALUES (14, 'Rodrigo Conceição', 22);
INSERT INTO player VALUES (14, 17, 'Porto');
INSERT INTO person VALUES (15, 'Marko Grujić', 26);
INSERT INTO player VALUES (15, 16, 'Porto');
INSERT INTO person VALUES (16, 'Danny Namaso', 22);
INSERT INTO player VALUES (16, 19, 'Porto');
INSERT INTO person VALUES (17, 'Tony Martinez', 25);
INSERT INTO player VALUES (17, 29, 'Porto');
INSERT INTO person VALUES (18, 'Bruno Costa', 25);
INSERT INTO player VALUES (18, 28, 'Porto');
INSERT INTO person VALUES (19, 'Sérgio Conceição', 48);
INSERT INTO coach VALUES  (19, 'Porto')


INSERT INTO person VALUES (20, 'Helton Leite', 32);
INSERT INTO player VALUES (20, 72, 'Benfica');
INSERT INTO person VALUES (21, 'Odysseas Vlachodimos', 28);
INSERT INTO player VALUES (21, 99, 'Benfica');
INSERT INTO person VALUES (22, 'Alexander Bah', 24);
INSERT INTO player VALUES (22, 6, 'Benfica');
INSERT INTO person VALUES (23, 'Nicolás Otamendi', 34);
INSERT INTO player VALUES (23, 30, 'Benfica'); 
INSERT INTO person VALUES (24, 'António Silva', 19);
INSERT INTO player VALUES (24, 16, 'Benfica');
INSERT INTO person VALUES (25, 'Álex Grimaldo', 27);
INSERT INTO player VALUES (25, 3, 'Benfica');
INSERT INTO person VALUES (26, 'Florentino Luís', 23);
INSERT INTO player VALUES (26, 61, 'Benfica');
INSERT INTO person VALUES (27, 'João Mário', 29);
INSERT INTO player VALUES (27, 20, 'Benfica');
INSERT INTO person VALUES (28, 'Enzo Fernandez', 21);
INSERT INTO player VALUES (28, 13, 'Benfica');
INSERT INTO person VALUES (29, 'David Neres', 27);
INSERT INTO player VALUES (29, 7, 'Benfica');
INSERT INTO person VALUES (30, 'Gonçalo Ramos', 21);
INSERT INTO player VALUES (30, 88, 'Benfica');
INSERT INTO person VALUES (31, 'Rafa Silva', 29);
INSERT INTO player VALUES (31, 27, 'Benfica');
INSERT INTO person VALUES (32, 'Gilberto', 29);
INSERT INTO player VALUES (32, 2, 'Benfica');
INSERT INTO person VALUES (33, 'Frederik Aursnes', 26);
INSERT INTO player VALUES (33, 8, 'Benfica');
INSERT INTO person VALUES (34, 'Julian Draxler', 29);
INSERT INTO player VALUES (34, 93, 'Benfica');
INSERT INTO person VALUES (35, 'Petar Musa', 24);
INSERT INTO player VALUES (35, 33, 'Benfica');
INSERT INTO person VALUES (36, 'Diogo Gonçalves', 25);
INSERT INTO player VALUES (36, 17, 'Benfica');
INSERT INTO person VALUES (37, 'Mihailo Ristić', 27);
INSERT INTO player VALUES (37, 23, 'Benfica');
INSERT INTO person VALUES (38, 'Roger Schmidt', 55);
INSERT INTO coach VALUES  (38, 'Benfica');

INSERT INTO person VALUES (39, 'Matheus Magalhães', 30);
INSERT INTO player VALUES (39, 1, 'Braga');
INSERT INTO person VALUES (40, 'Fabiano Souza', 22);
INSERT INTO player VALUES (40, 70, 'Braga');
INSERT INTO person VALUES (41, 'Vitor Tormena', 26);
INSERT INTO player VALUES (41, 3, 'Braga');
INSERT INTO person VALUES (42, 'Nuno Sequeira', 32);
INSERT INTO player VALUES (42, 6, 'Braga');
INSERT INTO person VALUES (43, 'André Horta', 26);
INSERT INTO player VALUES (43, 10, 'Braga');
INSERT INTO person VALUES (44, 'Al Musrati', 26);
INSERT INTO player VALUES (44, 8, 'Braga');
INSERT INTO person VALUES (45, 'Iuri Medeiros', 28);
INSERT INTO player VALUES (45, 45, 'Braga');
INSERT INTO person VALUES (46, 'Simon Banza', 26);
INSERT INTO player VALUES (46, 23, 'Braga');
INSERT INTO person VALUES (47, 'Roger Fernandes', 16);
INSERT INTO player VALUES (47, 11, 'Braga');
INSERT INTO person VALUES (48, 'Ricardo Horta', 28);
INSERT INTO player VALUES (48, 21, 'Braga');
INSERT INTO person VALUES (49, 'Vitinha', 22);
INSERT INTO player VALUES (49, 99, 'Braga');
INSERT INTO person VALUES (50, 'Tiago Sá', 27);
INSERT INTO player VALUES (50, 12, 'Braga');
INSERT INTO person VALUES (51, 'Rodrigo Gomes', 19);
INSERT INTO player VALUES (51, 7, 'Braga');
INSERT INTO person VALUES (52, 'Álvaro Djaló', 23);
INSERT INTO player VALUES (52, 14, 'Braga');
INSERT INTO person VALUES (53, 'Uros Racic', 24);
INSERT INTO player VALUES (53, 19, 'Braga');
INSERT INTO person VALUES (54, 'Dinis Rodrigues', 17);
INSERT INTO player VALUES (54, 20, 'Braga');
INSERT INTO person VALUES (55, 'Sikou Niakaté', 23);
INSERT INTO player VALUES (55, 4, 'Braga');
INSERT INTO person VALUES (56, 'Gorby Baptiste', 20);
INSERT INTO player VALUES (56, 29, 'Braga');
INSERT INTO person VALUES (57, 'Artur Jorge', 50);
INSERT INTO coach VALUES  (57, 'Braga');

INSERT INTO person VALUES (58, 'Antonio Adán', 35);
INSERT INTO player VALUES (58, 1, 'Sporting');
INSERT INTO person VALUES (59, 'André Paulo', 25);
INSERT INTO player VALUES (59, 22, 'Sporting');
INSERT INTO person VALUES (60, 'Pedro Porro', 23);
INSERT INTO player VALUES (60, 24, 'Sporting');
INSERT INTO person VALUES (61, 'Sebstián Coates', 32);
INSERT INTO player VALUES (61, 4, 'Sporting');
INSERT INTO person VALUES (62, 'Gonçalo Inácio', 21);
INSERT INTO player VALUES (62, 25, 'Sporting');
INSERT INTO person VALUES (63, 'Matheus Reis', 27);
INSERT INTO player VALUES (63, 2, 'Sporting');
INSERT INTO person VALUES (64, 'Manuel Ugarte', 21);
INSERT INTO player VALUES (64, 15, 'Sporting');
INSERT INTO person VALUES (65, 'Hidemasa Morita', 27);
INSERT INTO player VALUES (65, 5, 'Sporting');
INSERT INTO person VALUES (66, 'Francisco Trincão', 22);
INSERT INTO player VALUES (66, 17, 'Sporting');
INSERT INTO person VALUES (67, 'Pedro Gonçalves', 24);
INSERT INTO player VALUES (67, 28, 'Sporting');
INSERT INTO person VALUES (68, 'Marcus Edwards', 23);
INSERT INTO player VALUES (68, 10, 'Sporting');
INSERT INTO person VALUES (69, 'Nuno Santos', 27);
INSERT INTO player VALUES (69, 11, 'Sporting');
INSERT INTO person VALUES (70, 'Paulinho', 30);
INSERT INTO player VALUES (70, 20, 'Sporting');
INSERT INTO person VALUES (71, 'Dário Essugo', 17);
INSERT INTO player VALUES (71, 84, 'Sporting');
INSERT INTO person VALUES (72, 'Renato Veiga', 19);
INSERT INTO player VALUES (72, 95, 'Sporting');
INSERT INTO person VALUES (73, 'Sotiris Alexandropuolos', 20);
INSERT INTO player VALUES (73, 6, 'Sporting');
INSERT INTO person VALUES (74, 'José Marsà', 20);
INSERT INTO player VALUES (74, 63, 'Sporting');
INSERT INTO person VALUES (75, 'Diogo Travassos', 18);
INSERT INTO player VALUES (75, 97, 'Sporting');
INSERT INTO person VALUES (76, 'Rúben Amorim', 37);
INSERT INTO coach VALUES  (76, 'Sporting');

INSERT INTO person VALUES (77, 'Ricardo Batista', 35);
INSERT INTO player VALUES (77, 33, 'Casa Pia');
INSERT INTO person VALUES (78, 'Vasco Fernandes', 36);
INSERT INTO player VALUES (78, 13, 'Casa Pia');
INSERT INTO person VALUES (79, 'João Nunes', 26);
INSERT INTO player VALUES (79, 3, 'Casa Pia');
INSERT INTO person VALUES (80, 'Nermin Zolotic', 29);
INSERT INTO player VALUES (80, 19, 'Casa Pia');
INSERT INTO person VALUES (81, 'Leonardo Lelo', 22);
INSERT INTO player VALUES (81, 5, 'Casa Pia');
INSERT INTO person VALUES (82, 'Lucas Soares', 24);
INSERT INTO player VALUES (82, 42, 'Casa Pia');
INSERT INTO person VALUES (83, 'Afonso Taira', 30);
INSERT INTO player VALUES (83, 27, 'Casa Pia');
INSERT INTO person VALUES (84, 'Ângelo Neto', 31);
INSERT INTO player VALUES (84, 8, 'Casa Pia');
INSERT INTO person VALUES (85, 'Takahiro Kunimoto', 25);
INSERT INTO player VALUES (85, 14, 'Casa Pia');
INSERT INTO person VALUES (86, 'Rafael Martins', 33);
INSERT INTO player VALUES (86, 11, 'Casa Pia');
INSERT INTO person VALUES (87, 'Saviour Godwin', 26);
INSERT INTO player VALUES (87, 7, 'Casa Pia');
INSERT INTO person VALUES (88, 'Diogo Pinto', 10);
INSERT INTO player VALUES (88, 23, 'Casa Pia');
INSERT INTO person VALUES (89, 'Clayton Silva', 23);
INSERT INTO player VALUES (89, 99, 'Casa Pia');
INSERT INTO person VALUES (90, 'Yan Etki', 25);
INSERT INTO player VALUES (90, 88, 'Casa Pia');
INSERT INTO person VALUES (91, 'Vitó', 25);
INSERT INTO player VALUES (91, 18, 'Casa Pia');
INSERT INTO person VALUES (92, 'Cuca', 31);
INSERT INTO player VALUES (92, 16, 'Casa Pia');
INSERT INTO person VALUES (93, 'João Bravim', 24);
INSERT INTO player VALUES (93, 1, 'Casa Pia');
INSERT INTO person VALUES (94, 'Rogério Fernandes', 20);
INSERT INTO player VALUES (94, 21, 'Casa Pia');
INSERT INTO person VALUES (95, 'Filipe Martins', 44);
INSERT INTO coach VALUES  (95, 'Casa Pia');

INSERT INTO person VALUES (96, 'Bruno Varela', 26);
INSERT INTO player VALUES (96, 14, 'Vitória');
INSERT INTO person VALUES (97, 'Mikel Villanueva', 29);
INSERT INTO player VALUES (97, 3, 'Vitória');
INSERT INTO person VALUES (98, 'André Amaro', 20);
INSERT INTO player VALUES (98, 13, 'Vitória');
INSERT INTO person VALUES (99, 'Ibrahima Bamba', 20);
INSERT INTO player VALUES (99, 22, 'Vitória');
INSERT INTO person VALUES (100, 'Tiago Silva', 29);
INSERT INTO player VALUES (100, 10, 'Vitória');
INSERT INTO person VALUES (101, 'André André', 33);
INSERT INTO player VALUES (101, 21, 'Vitória');
INSERT INTO person VALUES (102, 'Zé Carlos', 21);
INSERT INTO player VALUES (102, 28, 'Vitória');
INSERT INTO person VALUES (103, 'Rúben Lameiras', 27);
INSERT INTO player VALUES (103, 7, 'Vitória');
INSERT INTO person VALUES (104, 'Anderson Oliveira', 24);
INSERT INTO player VALUES (104, 33, 'Vitória');
INSERT INTO person VALUES (105, 'Nélson da Luz', 24);
INSERT INTO player VALUES (105, 20, 'Vitória');
INSERT INTO person VALUES (106, 'Jota Silva', 23);
INSERT INTO player VALUES (106, 11, 'Vitória');
INSERT INTO person VALUES (107, 'Alisson Safira', 27);
INSERT INTO player VALUES (107, 9, 'Vitória');
INSERT INTO person VALUES (108, 'Jason Bahamboula', 21);
INSERT INTO player VALUES (108, 47, 'Vitória');
INSERT INTO person VALUES (109, 'Antoñin Cortés', 22);
INSERT INTO player VALUES (109, 15, 'Vitória');
INSERT INTO person VALUES (110, 'Tomás Händel', 21);
INSERT INTO player VALUES (110, 8, 'Vitória');
INSERT INTO person VALUES (111, 'Dani Silva', 22);
INSERT INTO player VALUES (111, 80, 'Vitória');
INSERT INTO person VALUES (112, 'Nicolas Janvier', 24);
INSERT INTO player VALUES (112, 98, 'Vitória');
INSERT INTO person VALUES (113, 'Matheus Índio', 23);
INSERT INTO player VALUES (113, 23, 'Vitória');
INSERT INTO person VALUES (114, 'Moreno', 41);
INSERT INTO coach VALUES  (114, 'Vitória');

INSERT INTO person VALUES (115, 'Kosuke Nakamura', 27);
INSERT INTO player VALUES (115, 32, 'Portimonense');
INSERT INTO person VALUES (115, 'Fahd Moufi', 27);
INSERT INTO player VALUES (115, 32, 'Portimonense');